RMSEP-CC-S3,RMSEP-CC-S11
1.1526,0.70251
1.1534,0.69897
1.137,0.70699
1.0802,0.72316
0.89096,0.8829
1.0581,2.8439
2.2992,2.3689
,3.6214
